"APP","MONTH_DT","DEV_EFF","SIT_DFTS","UAT_DFTS","PROD_DFTS"
"App Q97",10/31/2007,113,0,2,4
"App Q79",11/30/2007,6578,415,62,371
"App Q97",11/30/2007,134,2,0,15
"App Q105",11/30/2007,160,1,0,13
"App Q79",12/31/2007,6578,415,62,253
"App Q97",12/31/2007,134,2,0,12
"App Q105",12/31/2007,500,0,1,14
"App Q79",01/31/2008,415,42,3,368
"App Q97",01/31/2008,134,2,0,20
"App Q105",01/31/2008,500,0,1,7
"App Q79",02/29/2008,505,19,0,322
"App Q97",02/29/2008,134,2,0,4
"App Q105",02/29/2008,500,0,1,8
"App Q21",03/31/2008,1200,0,0,3
"App Q79",03/31/2008,739,16,2,353
"App Q97",03/31/2008,134,2,0,6
"App Q105",03/31/2008,500,0,1,9
"App Q21",04/30/2008,1200,0,0,6
"App Q79",04/30/2008,0,4,0,380
"App Q97",04/30/2008,60,0,0,8
"App Q105",04/30/2008,95,0,0,3
"App Q21",05/31/2008,400,0,0,2
"App Q79",05/31/2008,0,4,0,205
"App Q97",05/31/2008,121,0,0,3
"App Q105",05/31/2008,113,0,0,6
"App Q79",06/30/2008,8350,242,18,321
"App Q97",06/30/2008,205,0,0,7
"App Q105",06/30/2008,1040,11,52,1
"App Q21",07/31/2008,400,0,0,2
"App Q79",07/31/2008,8350,242,18,276
"App Q97",07/31/2008,205,0,0,2
"App Q105",07/31/2008,1040,11,52,2
"App Q1",08/31/2008,350,11,0,2
"App Q79",08/31/2008,508,11,3,222
"App Q97",08/31/2008,110,2,0,1
"App Q105",08/31/2008,125,0,0,4
"App Q79",09/30/2008,0,2,0,215
"App Q97",09/30/2008,110,2,0,1
"App Q105",09/30/2008,48,0,0,0
"App Q79",10/31/2008,11432,419,29,413
"App Q97",10/31/2008,192,0,0,2
"App Q105",10/31/2008,44,0,0,1
"App Q79",11/30/2008,1674,25,1,297
"App Q97",11/30/2008,22,0,0,0
"App Q105",11/30/2008,28,0,0,2
"App Q21",12/31/2008,3155,49,0,1
"App Q79",12/31/2008,2348,25,5,323
"App Q97",12/31/2008,119,0,0,0
"App Q105",12/31/2008,126,0,0,2
"App Q24",01/31/2009,286,2,0,4
"App Q79",01/31/2009,590,3,0,426
"App Q97",01/31/2009,40,0,0,3
"App Q105",01/31/2009,82,0,0,0
"App Q8",02/28/2009,30,0,0,0
"App Q24",02/28/2009,286,2,0,4
"App Q79",02/28/2009,590,3,0,239
"App Q97",02/28/2009,28,0,0,1
"App Q105",02/28/2009,82,0,0,0
"App Q24",03/31/2009,286,2,0,1
"App Q79",03/31/2009,760,13,0,268
"App Q97",03/31/2009,55,0,0,3
"App Q105",03/31/2009,61,0,0,4
"App Q6",04/30/2009,303.5,0,0,18
"App Q8",04/30/2009,30,0,0,1
"App Q21",04/30/2009,400,0,0,3
"App Q24",04/30/2009,286,2,0,7
"App Q31",04/30/2009,201,6,5,21
"App Q79",04/30/2009,1188,36,4,306
"App Q90",04/30/2009,346.5,5,0,19
"App Q105",04/30/2009,20,0,0,1
"App Q6",05/31/2009,303.5,0,0,8
"App Q8",05/31/2009,560,0,0,2
"App Q31",05/31/2009,339,4,1,33
"App Q33",05/31/2009,250,0,0,1
"App Q79",05/31/2009,1188,36,4,185
"App Q90",05/31/2009,339,1,0,7
"App Q97",05/31/2009,40,0,0,1
"App Q105",05/31/2009,26,0,0,3
"App Q6",06/30/2009,303.5,0,0,10
"App Q24",06/30/2009,286,2,0,1
"App Q31",06/30/2009,238.75,3,0,37
"App Q33",06/30/2009,250,0,0,2
"App Q79",06/30/2009,7962,251,25,309
"App Q90",06/30/2009,238.75,0,0,9
"App Q97",06/30/2009,450,16,2,0
"App Q105",06/30/2009,26,0,0,1
"App Q6",07/31/2009,303.5,0,0,6
"App Q8",07/31/2009,50,0,0,1
"App Q24",07/31/2009,588.75,2,2,2
"App Q31",07/31/2009,238.75,3,0,33
"App Q33",07/31/2009,250,0,0,1
"App Q79",07/31/2009,7962,251,25,293
"App Q90",07/31/2009,350,0,0,8
"App Q97",07/31/2009,25,0,0,3
"App Q6",08/31/2009,282,0,0,9
"App Q8",08/31/2009,50,0,0,1
"App Q21",08/31/2009,1050,0,0,1
"App Q24",08/31/2009,588.75,2,2,2
"App Q31",08/31/2009,238.75,3,0,39
"App Q33",08/31/2009,250,0,0,1
"App Q79",08/31/2009,7962,251,25,202
"App Q90",08/31/2009,632,0,0,9
"App Q105",08/31/2009,180,6,0,2
"App Q6",09/30/2009,282,0,0,14
"App Q21",09/30/2009,1140,0,0,5
"App Q24",09/30/2009,282,1,1,2
"App Q31",09/30/2009,238.75,3,0,29
"App Q79",09/30/2009,14458,257,36,252
"App Q90",09/30/2009,499,0,1,9
"App Q97",09/30/2009,197,0,0,5
"App Q101",09/30/2009,2000,41,2,4
"App Q105",09/30/2009,60,1,0,1
"App Q6",10/31/2009,282,0,0,4
"App Q8",10/31/2009,120,0,0,2
"App Q21",10/31/2009,1140,0,0,5
"App Q31",10/31/2009,238.75,3,0,22
"App Q79",10/31/2009,14458,257,36,296
"App Q90",10/31/2009,872,2,2,5
"App Q97",10/31/2009,22,0,0,4
"App Q105",10/31/2009,66,1,1,2
"App Q6",11/30/2009,282,0,0,5
"App Q21",11/30/2009,1520,0,0,2
"App Q24",11/30/2009,282,1,1,2
"App Q31",11/30/2009,238.75,3,0,49
"App Q79",11/30/2009,14458,257,36,219
"App Q90",11/30/2009,794,7,8,6
"App Q6",12/31/2009,282,0,0,10
"App Q8",12/31/2009,126,0,1,1
"App Q21",12/31/2009,1520,0,0,1
"App Q31",12/31/2009,238.75,3,0,47
"App Q79",12/31/2009,8405,235,67,370
"App Q90",12/31/2009,520,0,0,6
"App Q6",01/31/2010,282,0,0,4
"App Q8",01/31/2010,52,0,0,1
"App Q21",01/31/2010,1368,0,0,5
"App Q31",01/31/2010,238.75,3,0,37
"App Q79",01/31/2010,8405,235,67,449
"App Q90",01/31/2010,520,2,0,4
"App Q97",01/31/2010,60,0,0,4
"App Q105",01/31/2010,38,0,0,1
"App Q6",02/28/2010,282,0,0,5
"App Q8",02/28/2010,6,0,0,2
"App Q21",02/28/2010,2736,0,0,8
"App Q24",02/28/2010,774,17,4,1
"App Q31",02/28/2010,238.75,3,0,26
"App Q33",02/28/2010,250,0,0,1
"App Q79",02/28/2010,8405,235,67,294
"App Q90",02/28/2010,520,2,0,5
"App Q97",02/28/2010,16,0,0,3
"App Q2",03/31/2010,16,0,0,1
"App Q4",03/31/2010,412,0,1,4
"App Q6",03/31/2010,282,0,0,7
"App Q8",03/31/2010,260,1,1,2
"App Q24",03/31/2010,774,17,4,2
"App Q28",03/31/2010,2642,266,189,2
"App Q31",03/31/2010,238.75,3,0,61
"App Q33",03/31/2010,250,0,0,0
"App Q79",03/31/2010,15545,509,277,376
"App Q90",03/31/2010,629,1,1,6
"App Q97",03/31/2010,8,0,0,1
"App Q105",03/31/2010,8,0,0,1
"App Q2",04/30/2010,100,0,0,1
"App Q4",04/30/2010,412,0,1,2
"App Q6",04/30/2010,454,2,0,9
"App Q21",04/30/2010,1292,0,1,2
"App Q31",04/30/2010,238.75,3,0,12
"App Q33",04/30/2010,250,0,0,1
"App Q79",04/30/2010,15545,509,277,386
"App Q90",04/30/2010,1062,2,0,5
"App Q4",05/31/2010,608,1,0,9
"App Q6",05/31/2010,324,2,2,4
"App Q24",05/31/2010,454,1,0,3
"App Q31",05/31/2010,238.75,3,0,24
"App Q33",05/31/2010,250,0,0,3
"App Q79",05/31/2010,15545,509,277,292
"App Q90",05/31/2010,1062,2,0,11
"App Q105",05/31/2010,370,9,0,2
"App Q4",06/30/2010,608,1,0,1
"App Q6",06/30/2010,324,2,2,4
"App Q8",06/30/2010,24,0,0,2
"App Q31",06/30/2010,238.75,3,0,8
"App Q79",06/30/2010,14150,425,194,541
"App Q90",06/30/2010,1381,6,0,4
"App Q97",06/30/2010,12,0,0,3
"App Q105",06/30/2010,60,1,0,1
"App Q4",07/31/2010,608,1,0,5
"App Q6",07/31/2010,324,2,2,7
"App Q8",07/31/2010,264,0,0,1
"App Q31",07/31/2010,238.75,3,0,33
"App Q33",07/31/2010,250,0,0,2
"App Q79",07/31/2010,14150,425,194,554
"App Q90",07/31/2010,1381,6,0,4
"App Q97",07/31/2010,4,0,0,4
"App Q105",07/31/2010,60,0,0,2
"App Q4",08/31/2010,608,1,0,6
"App Q6",08/31/2010,324,2,2,4
"App Q15",08/31/2010,641,1,1,3
"App Q17",08/31/2010,549,81,0,1
"App Q19",08/31/2010,1015,34,1,1
"App Q21",08/31/2010,1192,2,2,3
"App Q27",08/31/2010,1280,42,52,21
"App Q28",08/31/2010,232,6,3,2
"App Q31",08/31/2010,238.75,3,0,36
"App Q33",08/31/2010,250,0,0,1
"App Q79",08/31/2010,12100,374,250,710
"App Q90",08/31/2010,549,3,4,5
"App Q97",08/31/2010,4,0,0,0
"App Q105",08/31/2010,202,2,1,3
"App Q2",09/30/2010,100,0,0,0
"App Q4",09/30/2010,549,1,7,6
"App Q6",09/30/2010,929,10,5,11
"App Q15",09/30/2010,641,1,1,5
"App Q17",09/30/2010,549,81,0,2
"App Q19",09/30/2010,464,3,0,5
"App Q21",09/30/2010,1192,0,0,2
"App Q24",09/30/2010,454,1,0,3
"App Q27",09/30/2010,378,6,3,54
"App Q28",09/30/2010,232,6,3,1
"App Q31",09/30/2010,238.75,3,0,28
"App Q33",09/30/2010,250,0,0,2
"App Q79",09/30/2010,12100,374,250,769
"App Q90",09/30/2010,464,1,5,11
"App Q97",09/30/2010,63,0,0,16
"App Q105",09/30/2010,54,0,0,7
"App Q2",10/31/2010,100,0,0,1
"App Q4",10/31/2010,549,1,7,4
"App Q6",10/31/2010,929,10,5,1
"App Q8",10/31/2010,38,0,0,1
"App Q15",10/31/2010,641,1,1,3
"App Q17",10/31/2010,549,81,0,5
"App Q19",10/31/2010,240,1,0,45
"App Q21",10/31/2010,1276,0,0,2
"App Q24",10/31/2010,454,1,0,2
"App Q27",10/31/2010,108,2,2,33
"App Q28",10/31/2010,232,6,3,3
"App Q31",10/31/2010,238.75,3,0,34
"App Q33",10/31/2010,250,0,0,7
"App Q79",10/31/2010,12100,374,250,782
"App Q90",10/31/2010,240,0,6,15
"App Q97",10/31/2010,89,0,0,27
"App Q105",10/31/2010,54,0,0,3
"App Q4",11/30/2010,549,1,7,3
"App Q6",11/30/2010,929,10,5,7
"App Q8",11/30/2010,140,0,0,2
"App Q15",11/30/2010,641,1,1,2
"App Q17",11/30/2010,549,81,0,1
"App Q19",11/30/2010,240,1,0,22
"App Q21",11/30/2010,1404,0,1,2
"App Q27",11/30/2010,405,2,1,45
"App Q28",11/30/2010,232,6,3,1
"App Q31",11/30/2010,238.75,3,0,20
"App Q79",11/30/2010,13068,281,115,661
"App Q90",11/30/2010,682,2,2,14
"App Q97",11/30/2010,35,0,0,7
"App Q105",11/30/2010,95,0,0,7
"App Q1",12/31/2010,16,0,0,0
"App Q4",12/31/2010,549,1,7,10
"App Q6",12/31/2010,482,6,2,6
"App Q8",12/31/2010,24,0,0,1
"App Q15",12/31/2010,641,1,1,2
"App Q17",12/31/2010,549,81,0,3
"App Q19",12/31/2010,326,6,0,17
"App Q21",12/31/2010,1264,1,0,2
"App Q27",12/31/2010,627,5,7,51
"App Q28",12/31/2010,232,6,3,2
"App Q31",12/31/2010,238.75,3,0,23
"App Q33",12/31/2010,250,0,0,3
"App Q79",12/31/2010,13068,281,115,690
"App Q90",12/31/2010,558,3,0,10
"App Q97",12/31/2010,3,0,0,11
"App Q105",12/31/2010,24,0,0,7
"App Q4",01/31/2011,549,1,7,6
"App Q6",01/31/2011,482,6,2,9
"App Q8",01/31/2011,240,0,0,2
"App Q15",01/31/2011,641,1,1,1
"App Q19",01/31/2011,326,6,0,12
"App Q21",01/31/2011,1124,0,1,2
"App Q27",01/31/2011,660,19,6,58
"App Q28",01/31/2011,232,6,3,1
"App Q31",01/31/2011,238.75,3,0,31
"App Q33",01/31/2011,250,0,0,1
"App Q79",01/31/2011,11680,327,75,849
"App Q90",01/31/2011,504,0,6,17
"App Q97",01/31/2011,90,3,0,19
"App Q105",01/31/2011,24,0,0,4
"App Q1",02/28/2011,16,0,0,2
"App Q2",02/28/2011,400,6,0,1
"App Q4",02/28/2011,549,1,7,12
"App Q6",02/28/2011,482,6,2,1
"App Q15",02/28/2011,641,1,1,2
"App Q19",02/28/2011,326,6,0,6
"App Q21",02/28/2011,1252,18,0,2
"App Q27",02/28/2011,570,21,13,47
"App Q28",02/28/2011,488,1,0,3
"App Q31",02/28/2011,238.75,3,0,34
"App Q33",02/28/2011,250,0,0,1
"App Q79",02/28/2011,11680,327,75,797
"App Q90",02/28/2011,744,0,1,7
"App Q97",02/28/2011,32,0,0,8
"App Q101",02/28/2011,2000,41,2,6
"App Q105",02/28/2011,24,0,0,1
"App Q4",03/31/2011,549,1,7,5
"App Q6",03/31/2011,2251,48,0,3
"App Q8",03/31/2011,60,0,0,1
"App Q15",03/31/2011,641,1,1,2
"App Q17",03/31/2011,3628,51,112,2
"App Q19",03/31/2011,326,6,0,8
"App Q27",03/31/2011,145,4,1,41
"App Q28",03/31/2011,488,1,0,1
"App Q31",03/31/2011,238.75,3,0,39
"App Q79",03/31/2011,11680,327,75,1216
"App Q90",03/31/2011,312,1,0,2
"App Q97",03/31/2011,157,0,0,9
"App Q105",03/31/2011,96,0,2,4
"App Q4",04/30/2011,549,1,7,2
"App Q6",04/30/2011,2251,48,0,5
"App Q8",04/30/2011,60,0,0,3
"App Q15",04/30/2011,641,1,1,1
"App Q19",04/30/2011,326,6,0,11
"App Q21",04/30/2011,820,0,0,1
"App Q27",04/30/2011,150,5,0,52
"App Q28",04/30/2011,488,1,0,1
"App Q31",04/30/2011,238.75,3,0,32
"App Q33",04/30/2011,250,0,0,5
"App Q79",04/30/2011,11680,327,75,641
"App Q90",04/30/2011,312,1,0,9
"App Q97",04/30/2011,157,0,0,3
"App Q105",04/30/2011,72,0,0,4
"App Q4",05/31/2011,549,1,7,2
"App Q6",05/31/2011,2251,48,0,6
"App Q8",05/31/2011,60,0,0,1
"App Q15",05/31/2011,641,1,1,3
"App Q19",05/31/2011,326,6,0,16
"App Q21",05/31/2011,924,0,0,1
"App Q27",05/31/2011,150,2,0,75
"App Q28",05/31/2011,488,1,0,1
"App Q31",05/31/2011,238.75,3,0,28
"App Q33",05/31/2011,250,0,0,8
"App Q79",05/31/2011,16134,504,94,708
"App Q90",05/31/2011,312,1,0,2
"App Q97",05/31/2011,40,0,0,8
"App Q105",05/31/2011,72,0,0,6
"App Q2",06/30/2011,350,0,1,1
"App Q4",06/30/2011,549,1,7,16
"App Q6",06/30/2011,422,1,0,4
"App Q8",06/30/2011,56,0,0,1
"App Q15",06/30/2011,641,1,1,1
"App Q19",06/30/2011,326,6,0,10
"App Q21",06/30/2011,848,0,0,3
"App Q27",06/30/2011,150,0,0,62
"App Q28",06/30/2011,422,1,0,1
"App Q31",06/30/2011,238.75,3,0,30
"App Q33",06/30/2011,250,0,0,1
"App Q79",06/30/2011,16134,504,94,709
"App Q90",06/30/2011,3582,28,0,4
"App Q97",06/30/2011,40,0,0,11
"App Q105",06/30/2011,32,0,0,14
"App Q2",07/31/2011,350,0,1,1
"App Q4",07/31/2011,549,1,7,2
"App Q6",07/31/2011,422,1,0,4
"App Q8",07/31/2011,56,0,0,3
"App Q15",07/31/2011,641,1,1,2
"App Q19",07/31/2011,326,6,0,6
"App Q27",07/31/2011,620,16,5,52
"App Q31",07/31/2011,238.75,3,0,37
"App Q33",07/31/2011,250,0,0,8
"App Q79",07/31/2011,16134,504,94,638
"App Q90",07/31/2011,3582,28,0,11
"App Q97",07/31/2011,60,0,0,7
"App Q105",07/31/2011,32,0,0,7
"App Q4",08/31/2011,549,1,7,8
"App Q6",08/31/2011,422,1,0,3
"App Q8",08/31/2011,20,0,0,4
"App Q19",08/31/2011,326,6,0,3
"App Q21",08/31/2011,848,0,0,4
"App Q24",08/31/2011,250,1,0,2
"App Q27",08/31/2011,1296,61,8,55
"App Q29",08/31/2011,250,1,0,1
"App Q31",08/31/2011,238.75,3,0,33
"App Q33",08/31/2011,250,0,0,1
"App Q79",08/31/2011,13416,362,70,651
"App Q90",08/31/2011,3582,28,0,12
"App Q97",08/31/2011,40,0,0,8
"App Q105",08/31/2011,32,0,0,101
"App Q4",09/30/2011,1136,1,0,20
"App Q6",09/30/2011,422,1,0,1
"App Q8",09/30/2011,12,0,0,4
"App Q19",09/30/2011,326,6,0,10
"App Q24",09/30/2011,250,1,0,1
"App Q27",09/30/2011,1080,36,12,78
"App Q29",09/30/2011,2711,47,0,2
"App Q31",09/30/2011,238.75,3,0,12
"App Q33",09/30/2011,250,0,0,1
"App Q79",09/30/2011,13416,362,70,627
"App Q90",09/30/2011,4734,30,0,4
"App Q96",09/30/2011,150,12,0,1
"App Q97",09/30/2011,40,0,0,12
"App Q105",09/30/2011,96,0,0,36
"App Q4",10/31/2011,1136,1,0,2
"App Q6",10/31/2011,422,1,0,4
"App Q8",10/31/2011,32,0,0,2
"App Q19",10/31/2011,326,6,0,14
"App Q21",10/31/2011,1016,0,0,4
"App Q27",10/31/2011,78,0,0,57
"App Q28",10/31/2011,422,1,0,5
"App Q29",10/31/2011,422,1,0,3
"App Q31",10/31/2011,238.75,3,0,12
"App Q33",10/31/2011,250,0,0,5
"App Q79",10/31/2011,13416,362,70,681
"App Q90",10/31/2011,4734,30,0,2
"App Q97",10/31/2011,8,0,0,2
"App Q105",10/31/2011,84,0,0,10
"App Q2",11/30/2011,350,0,1,1
"App Q4",11/30/2011,64,0,0,3
"App Q6",11/30/2011,866,2,0,7
"App Q8",11/30/2011,32,0,0,6
"App Q15",11/30/2011,641,1,1,1
"App Q17",11/30/2011,571,4,0,2
"App Q19",11/30/2011,326,6,0,1
"App Q21",11/30/2011,1016,0,0,1
"App Q27",11/30/2011,1080,224,49,88
"App Q29",11/30/2011,422,1,0,5
"App Q31",11/30/2011,238.75,3,0,17
"App Q33",11/30/2011,250,0,0,11
"App Q79",11/30/2011,22723,688,152,792
"App Q90",11/30/2011,1198,3,2,2
"App Q97",11/30/2011,120,0,2,23
"App Q105",11/30/2011,12,0,0,17
"App Q4",12/31/2011,64,0,0,3
"App Q6",12/31/2011,866,2,0,8
"App Q15",12/31/2011,641,1,1,1
"App Q17",12/31/2011,571,4,0,1
"App Q19",12/31/2011,103,2,0,2
"App Q21",12/31/2011,1,0,0,1
"App Q27",12/31/2011,912,58,14,81
"App Q28",12/31/2011,185,0,0,1
"App Q29",12/31/2011,422,1,0,2
"App Q31",12/31/2011,238.75,3,0,21
"App Q33",12/31/2011,3,0,0,1
"App Q79",12/31/2011,22723,688,152,507
"App Q90",12/31/2011,874,0,3,18
"App Q96",12/31/2011,150,12,0,1
"App Q97",12/31/2011,40,0,0,13
"App Q105",12/31/2011,12,0,0,20
"App Q4",01/31/2012,64,0,0,5
"App Q6",01/31/2012,866,2,0,1
"App Q8",01/31/2012,30,0,0,1
"App Q17",01/31/2012,571,4,0,1
"App Q19",01/31/2012,103,2,0,9
"App Q21",01/31/2012,503,0,0,4
"App Q27",01/31/2012,25,1,0,140
"App Q29",01/31/2012,422,1,0,2
"App Q31",01/31/2012,238.75,3,0,13
"App Q33",01/31/2012,3,0,0,2
"App Q79",01/31/2012,22723,688,152,663
"App Q90",01/31/2012,874,0,3,15
"App Q96",01/31/2012,150,12,0,2
"App Q97",01/31/2012,40,0,0,2
"App Q105",01/31/2012,120,2,0,16
"App Q4",02/29/2012,64,0,0,6
"App Q6",02/29/2012,866,2,0,4
"App Q8",02/29/2012,30,0,0,3
"App Q15",02/29/2012,641,1,1,1
"App Q19",02/29/2012,416,5,0,8
"App Q21",02/29/2012,848,23,0,2
"App Q27",02/29/2012,672,27,4,106
"App Q29",02/29/2012,422,1,0,2
"App Q31",02/29/2012,238.75,3,0,12
"App Q79",02/29/2012,22723,688,152,475
"App Q90",02/29/2012,672,0,20,56
"App Q96",02/29/2012,150,12,0,1
"App Q97",02/29/2012,4,0,0,7
"App Q105",02/29/2012,8,0,0,17
"App Q4",03/31/2012,150,3,0,2
"App Q6",03/31/2012,200,0,0,1
"App Q8",03/31/2012,30,0,0,0
"App Q15",03/31/2012,75,0,0,1
"App Q17",03/31/2012,100,0,0,3
"App Q19",03/31/2012,416,5,0,5
"App Q21",03/31/2012,848,0,0,1
"App Q27",03/31/2012,703,37,23,130
"App Q28",03/31/2012,100,0,0,1
"App Q29",03/31/2012,286,6,0,2
"App Q31",03/31/2012,238.75,3,0,12
"App Q79",03/31/2012,12567,413,107,782
"App Q80",03/31/2012,224,0,0,17
"App Q90",03/31/2012,224,0,0,21
"App Q96",03/31/2012,150,12,0,4
"App Q97",03/31/2012,4,0,0,14
"App Q105",03/31/2012,38,0,0,21
"App Q6",04/30/2012,200,0,0,1
"App Q19",04/30/2012,416,5,0,3
"App Q21",04/30/2012,848,0,0,4
"App Q27",04/30/2012,703,37,23,26
"App Q28",04/30/2012,904,1,0,2
"App Q31",04/30/2012,238.75,3,0,1
"App Q79",04/30/2012,12567,413,107,618
"App Q80",04/30/2012,224,0,0,7
"App Q96",04/30/2012,150,12,0,20
"App Q98",04/30/2012,3,0,0,28
"App Q101",04/30/2012,2000,41,2,7
"App Q105",04/30/2012,38,0,0,12
"App Q4",05/31/2012,200,0,0,2
"App Q6",05/31/2012,304,0,0,1
"App Q8",05/31/2012,135,0,0,1
"App Q17",05/31/2012,100,0,0,3
"App Q19",05/31/2012,50,0,0,8
"App Q21",05/31/2012,976,8,0,6
"App Q24",05/31/2012,200,0,0,1
"App Q27",05/31/2012,778,24,7,55
"App Q29",05/31/2012,50,0,0,3
"App Q31",05/31/2012,238.75,3,0,16
"App Q33",05/31/2012,3,0,0,1
"App Q79",05/31/2012,4000,49,10,606
"App Q80",05/31/2012,224,0,0,9
"App Q96",05/31/2012,150,12,0,9
"App Q98",05/31/2012,90,0,0,1
"App Q101",05/31/2012,2000,41,2,4
"App Q105",05/31/2012,38,0,0,1
"App Q4",06/30/2012,200,0,0,3
"App Q6",06/30/2012,304,0,0,3
"App Q8",06/30/2012,50,1,0,2
"App Q15",06/30/2012,75,0,0,0
"App Q19",06/30/2012,50,0,0,3
"App Q21",06/30/2012,976,13,0,12
"App Q27",06/30/2012,681,33,9,58
"App Q29",06/30/2012,50,0,0,2
"App Q31",06/30/2012,238.75,3,0,15
"App Q33",06/30/2012,200,0,0,4
"App Q79",06/30/2012,4000,49,10,548
"App Q80",06/30/2012,224,0,0,52
"App Q90",06/30/2012,296,1,0,1
"App Q96",06/30/2012,150,12,0,11
"App Q98",06/30/2012,90,0,0,1
"App Q105",06/30/2012,60,0,0,10
"App Q4",07/31/2012,200,0,0,5
"App Q6",07/31/2012,304,0,0,5
"App Q8",07/31/2012,50,1,0,3
"App Q19",07/31/2012,304,3,0,8
"App Q21",07/31/2012,976,7,0,6
"App Q27",07/31/2012,681,33,9,58
"App Q28",07/31/2012,200,0,0,3
"App Q29",07/31/2012,50,0,0,2
"App Q31",07/31/2012,238.75,3,0,16
"App Q33",07/31/2012,200,0,0,6
"App Q79",07/31/2012,4000,49,10,527
"App Q80",07/31/2012,224,0,0,22
"App Q96",07/31/2012,150,12,0,15
"App Q105",07/31/2012,46,0,0,3
"App Q2",08/31/2012,350,0,1,1
"App Q6",08/31/2012,200,0,0,7
"App Q19",08/31/2012,100,1,0,1
"App Q21",08/31/2012,976,3,0,3
"App Q24",08/31/2012,382,2,3,1
"App Q27",08/31/2012,866,20,7,86
"App Q29",08/31/2012,100,1,0,2
"App Q31",08/31/2012,238.75,3,0,26
"App Q33",08/31/2012,200,0,0,7
"App Q79",08/31/2012,9579,438,169,611
"App Q80",08/31/2012,224,0,0,4
"App Q96",08/31/2012,150,12,0,9
"App Q105",08/31/2012,21,0,0,10
"App Q2",09/30/2012,350,0,1,6
"App Q4",09/30/2012,250,0,0,5
"App Q6",09/30/2012,200,0,0,6
"App Q8",09/30/2012,50,1,0,2
"App Q19",09/30/2012,100,1,0,6
"App Q21",09/30/2012,1106,22,30,5
"App Q27",09/30/2012,1344,45,40,86
"App Q28",09/30/2012,800,0,0,1
"App Q29",09/30/2012,100,1,0,2
"App Q31",09/30/2012,238.75,3,0,11
"App Q33",09/30/2012,200,0,0,8
"App Q79",09/30/2012,9579,438,169,519
"App Q80",09/30/2012,312,1,0,13
"App Q96",09/30/2012,150,12,0,10
"App Q105",09/30/2012,16,0,0,7
"App Q2",10/31/2012,350,0,1,2
"App Q6",10/31/2012,200,0,0,2
"App Q8",10/31/2012,32,0,0,4
"App Q19",10/31/2012,348,1,0,1
"App Q21",10/31/2012,1106,22,30,15
"App Q27",10/31/2012,755,11,2,64
"App Q28",10/31/2012,500,1,0,2
"App Q29",10/31/2012,300,1,0,3
"App Q31",10/31/2012,238.75,3,0,10
"App Q33",10/31/2012,500,3,2,14
"App Q79",10/31/2012,9579,438,169,613
"App Q80",10/31/2012,376,1,0,5
"App Q96",10/31/2012,150,12,0,17
"App Q98",10/31/2012,90,0,0,1
"App Q105",10/31/2012,8,0,0,9
"App Q2",11/30/2012,350,0,1,2
"App Q4",11/30/2012,648,0,0,29
"App Q6",11/30/2012,200,0,0,4
"App Q15",11/30/2012,75,0,0,1
"App Q17",11/30/2012,304,0,0,1
"App Q19",11/30/2012,348,1,0,5
"App Q21",11/30/2012,524,0,0,2
"App Q27",11/30/2012,755,11,2,76
"App Q29",11/30/2012,700,9,0,6
"App Q31",11/30/2012,238.75,3,0,19
"App Q33",11/30/2012,500,3,2,11
"App Q79",11/30/2012,12975,353,52,644
"App Q80",11/30/2012,376,0,0,1
"App Q90",11/30/2012,296,2,0,1
"App Q96",11/30/2012,150,12,0,8
"App Q2",12/31/2012,350,0,1,4
"App Q4",12/31/2012,350,0,0,3
"App Q6",12/31/2012,200,0,0,1
"App Q8",12/31/2012,40,0,0,1
"App Q15",12/31/2012,254,0,0,2
"App Q19",12/31/2012,350,1,0,6
"App Q21",12/31/2012,147,11,8,8
"App Q27",12/31/2012,746,19,9,69
"App Q29",12/31/2012,450,15,0,4
"App Q31",12/31/2012,238.75,3,0,14
"App Q33",12/31/2012,500,3,2,7
"App Q79",12/31/2012,12975,353,52,493
"App Q80",12/31/2012,176,0,0,2
"App Q96",12/31/2012,150,12,0,13
"App Q98",12/31/2012,90,0,0,1
"App Q101",12/31/2012,2000,41,2,1
"App Q105",12/31/2012,50,0,0,12
"App Q2",01/31/2013,350,0,1,1
"App Q4",01/31/2013,300,0,0,5
"App Q6",01/31/2013,200,0,0,3
"App Q8",01/31/2013,24,0,0,3
"App Q19",01/31/2013,304,1,0,10
"App Q21",01/31/2013,910,21,0,10
"App Q24",01/31/2013,250,0,0,1
"App Q27",01/31/2013,40,1,0,62
"App Q28",01/31/2013,400,0,0,2
"App Q29",01/31/2013,450,15,0,2
"App Q31",01/31/2013,238.75,3,0,12
"App Q79",01/31/2013,12975,353,52,681
"App Q80",01/31/2013,224,0,0,2
"App Q96",01/31/2013,150,12,0,30
"App Q105",01/31/2013,16,0,0,11
"App Q2",02/28/2013,350,0,1,1
"App Q6",02/28/2013,200,0,0,6
"App Q8",02/28/2013,18,0,0,2
"App Q19",02/28/2013,350,0,0,8
"App Q21",02/28/2013,910,25,0,80
"App Q24",02/28/2013,300,0,0,6
"App Q27",02/28/2013,871,17,3,54
"App Q28",02/28/2013,400,0,0,2
"App Q29",02/28/2013,450,15,0,1
"App Q31",02/28/2013,238.75,3,0,9
"App Q33",02/28/2013,304,0,0,2
"App Q79",02/28/2013,12975,353,52,499
"App Q80",02/28/2013,224,19,4,1
"App Q96",02/28/2013,150,12,0,36
"App Q101",02/28/2013,2000,41,2,1
"App Q105",02/28/2013,16,0,0,8
"App Q2",03/31/2013,350,0,1,2
"App Q6",03/31/2013,650,30,2,4
"App Q8",03/31/2013,20,0,0,8
"App Q15",03/31/2013,100,0,0,1
"App Q17",03/31/2013,200,0,0,1
"App Q19",03/31/2013,350,0,0,4
"App Q21",03/31/2013,910,9,0,17
"App Q27",03/31/2013,871,17,3,43
"App Q28",03/31/2013,104,0,0,1
"App Q31",03/31/2013,238.75,3,0,15
"App Q33",03/31/2013,304,0,0,2
"App Q79",03/31/2013,19781,340,84,580
"App Q80",03/31/2013,224,19,4,7
"App Q96",03/31/2013,150,12,0,15
"App Q97",03/31/2013,8,0,0,1
"App Q98",03/31/2013,90,0,0,1
"App Q101",03/31/2013,2000,41,2,1
"App Q105",03/31/2013,1,0,0,13
"App Q2",04/30/2013,350,0,1,4
"App Q4",04/30/2013,300,0,0,2
"App Q6",04/30/2013,100,0,0,14
"App Q8",04/30/2013,2,0,0,0
"App Q17",04/30/2013,200,0,0,1
"App Q19",04/30/2013,100,0,0,5
"App Q21",04/30/2013,690,20,0,15
"App Q27",04/30/2013,672,12,3,46
"App Q28",04/30/2013,104,0,0,4
"App Q31",04/30/2013,238.75,3,0,9
"App Q33",04/30/2013,304,0,0,2
"App Q79",04/30/2013,19781,340,84,553
"App Q80",04/30/2013,224,2,0,7
"App Q96",04/30/2013,150,12,0,16
"App Q105",04/30/2013,1,0,0,9
"App Q2",05/31/2013,350,0,1,1
"App Q4",05/31/2013,300,0,0,2
"App Q6",05/31/2013,100,0,0,11
"App Q8",05/31/2013,1.5,0,0,0
"App Q19",05/31/2013,100,0,0,8
"App Q21",05/31/2013,160,21,0,49
"App Q27",05/31/2013,672,12,3,42
"App Q28",05/31/2013,104,0,0,4
"App Q29",05/31/2013,200,20,0,1
"App Q31",05/31/2013,238.75,3,0,6
"App Q33",05/31/2013,304,0,0,5
"App Q79",05/31/2013,19781,340,84,472
"App Q80",05/31/2013,224,2,0,1
"App Q96",05/31/2013,150,12,0,10
"App Q105",05/31/2013,80,0,0,8
"App Q2",06/30/2013,350,0,1,1
"App Q4",06/30/2013,300,0,0,3
"App Q8",06/30/2013,1.5,0,0,2
"App Q19",06/30/2013,100,0,0,5
"App Q21",06/30/2013,160,21,0,25
"App Q27",06/30/2013,1036,3,5,46
"App Q29",06/30/2013,200,20,0,1
"App Q31",06/30/2013,238.75,3,0,6
"App Q79",06/30/2013,19781,340,84,428
"App Q80",06/30/2013,224,2,0,5
"App Q96",06/30/2013,150,12,0,13
"App Q105",06/30/2013,65,0,0,6
"App Q2",07/31/2013,350,0,1,2
"App Q6",07/31/2013,476,2,0,14
"App Q19",07/31/2013,476,2,0,12
"App Q21",07/31/2013,690,0,5,9
"App Q27",07/31/2013,1036,3,5,39
"App Q29",07/31/2013,200,20,0,1
"App Q31",07/31/2013,238.75,3,0,5
"App Q33",07/31/2013,304,0,0,1
"App Q79",07/31/2013,19781,340,84,478
"App Q96",07/31/2013,150,12,0,20
"App Q101",07/31/2013,2000,41,2,4
"App Q105",07/31/2013,2,0,0,5
"App Q2",08/31/2013,350,0,1,1
"App Q4",08/31/2013,300,0,0,3
"App Q6",08/31/2013,476,2,0,3
"App Q8",08/31/2013,5,0,1,2
"App Q19",08/31/2013,476,2,0,17
"App Q21",08/31/2013,690,0,5,11
"App Q27",08/31/2013,1036,3,5,33
"App Q28",08/31/2013,104,0,0,2
"App Q29",08/31/2013,200,20,0,2
"App Q31",08/31/2013,238.75,3,0,2
"App Q79",08/31/2013,19781,340,84,348
"App Q80",08/31/2013,224,0,0,7
"App Q96",08/31/2013,150,12,0,21
"App Q98",08/31/2013,10,0,0,1
"App Q101",08/31/2013,2000,41,2,1
"App Q105",08/31/2013,16,0,0,9
"App Q2",09/30/2013,350,0,1,2
"App Q6",09/30/2013,100,1,0,1
"App Q19",09/30/2013,100,0,0,1
"App Q21",09/30/2013,1034,0,2,4
"App Q27",09/30/2013,1568,58,20,11
"App Q28",09/30/2013,100,0,0,1
"App Q33",09/30/2013,304,0,0,4
"App Q79",09/30/2013,19706,1106,156,184
"App Q79",09/30/2013,19700,1106,156,184
"App Q96",09/30/2013,150,12,0,3
"App Q101",09/30/2013,2000,41,2,1
"App Q2",10/31/2013,350,0,1,1
"App Q4",10/31/2013,300,0,0,1
"App Q6",10/31/2013,100,1,0,12
"App Q8",10/31/2013,45,0,0,4
"App Q19",10/31/2013,100,0,0,5
"App Q21",10/31/2013,1034,0,2,13
"App Q27",10/31/2013,1568,58,20,54
"App Q28",10/31/2013,100,0,0,3
"App Q31",10/31/2013,238.75,3,0,4
"App Q33",10/31/2013,304,0,0,1
"App Q79",10/31/2013,19700,1106,156,490
"App Q79",10/31/2013,19706,1106,156,490
"App Q80",10/31/2013,250,2,0,0
"App Q96",10/31/2013,150,12,0,27
"App Q98",10/31/2013,2,0,0,1
"App Q101",10/31/2013,2000,41,2,1
"App Q105",10/31/2013,15,0,0,4
"App Q4",11/30/2013,300,0,0,1
"App Q6",11/30/2013,100,1,0,3
"App Q19",11/30/2013,300,11,0,0
"App Q21",11/30/2013,987,16,0,27
"App Q27",11/30/2013,1568,58,20,51
"App Q28",11/30/2013,100,0,0,2
"App Q31",11/30/2013,238.75,3,0,7
"App Q33",11/30/2013,304,0,0,2
"App Q79",11/30/2013,19700,1106,156,304
"App Q79",11/30/2013,19706,1106,156,304
"App Q80",11/30/2013,224,0,0,6
"App Q96",11/30/2013,150,12,0,27
"App Q101",11/30/2013,2000,41,2,2
"App Q105",11/30/2013,22,0,0,9
"App Q6",12/31/2013,100,1,0,3
"App Q19",12/31/2013,300,11,0,1
"App Q21",12/31/2013,699,16,0,11
"App Q24",12/31/2013,273,0,0,1
"App Q27",12/31/2013,1180,24,5,42
"App Q28",12/31/2013,100,0,0,1
"App Q29",12/31/2013,293,1,0,2
"App Q31",12/31/2013,238.75,3,0,2
"App Q79",12/31/2013,19700,1106,156,334
"App Q79",12/31/2013,19706,1106,156,334
"App Q80",12/31/2013,224,1,0,3
"App Q96",12/31/2013,150,12,0,44
"App Q101",12/31/2013,2000,41,2,1
"App Q105",12/31/2013,270,0,0,14
"App Q2",01/31/2014,350,0,1,1
"App Q4",01/31/2014,300,0,0,3
"App Q6",01/31/2014,100,1,0,6
"App Q8",01/31/2014,600,0,0,5
"App Q17",01/31/2014,293,0,0,2
"App Q19",01/31/2014,300,11,0,1
"App Q21",01/31/2014,618,41,1,13
"App Q21",01/31/2014,668,41,1,13
"App Q27",01/31/2014,1180,24,5,35
"App Q28",01/31/2014,100,0,0,1
"App Q29",01/31/2014,293,1,0,1
"App Q31",01/31/2014,238.75,3,0,3
"App Q33",01/31/2014,304,0,0,6
"App Q79",01/31/2014,19706,1106,156,380
"App Q79",01/31/2014,19700,1106,156,380
"App Q80",01/31/2014,224,1,0,1
"App Q96",01/31/2014,150,12,0,13
"App Q101",01/31/2014,2000,41,2,2
"App Q105",01/31/2014,15,0,0,8
"App Q4",02/28/2014,300,0,0,5
"App Q6",02/28/2014,293,1,0,2
"App Q8",02/28/2014,600,0,0,9
"App Q19",02/28/2014,274,3,0,5
"App Q19",02/28/2014,293,11,0,5
"App Q21",02/28/2014,668,41,1,10
"App Q21",02/28/2014,618,41,1,10
"App Q27",02/28/2014,1482,18,2,60
"App Q28",02/28/2014,293,4,0,4
"App Q28",02/28/2014,272,2,0,4
"App Q31",02/28/2014,238.75,3,0,4
"App Q33",02/28/2014,293,0,0,1
"App Q79",02/28/2014,15994,512,107,542
"App Q96",02/28/2014,150,12,0,21
"App Q101",02/28/2014,2000,41,2,1
"App Q105",02/28/2014,18,0,0,2
"App Q2",03/31/2014,350,0,1,5
"App Q4",03/31/2014,300,0,0,3
"App Q6",03/31/2014,278,3,0,4
"App Q8",03/31/2014,4,0,0,6
"App Q17",03/31/2014,264,0,0,1
"App Q19",03/31/2014,2732,3,0,4
"App Q21",03/31/2014,1288,36,0,16
"App Q27",03/31/2014,156,9,2,54
"App Q28",03/31/2014,100,0,0,2
"App Q31",03/31/2014,238.75,3,0,4
"App Q33",03/31/2014,271,0,0,1
"App Q79",03/31/2014,15994,512,107,392
"App Q80",03/31/2014,224,1,0,2
"App Q96",03/31/2014,150,12,0,15
"App Q101",03/31/2014,2000,41,2,4
"App Q105",03/31/2014,18,0,0,4
"App Q2",04/30/2014,350,0,1,1
"App Q4",04/30/2014,300,0,0,7
"App Q6",04/30/2014,278,3,0,4
"App Q8",04/30/2014,1,0,0,5
"App Q19",04/30/2014,1379,2,0,2
"App Q21",04/30/2014,1470,5,2,21
"App Q27",04/30/2014,156,9,2,36
"App Q28",04/30/2014,1200,3,0,3
"App Q29",04/30/2014,270,5,0,1
"App Q31",04/30/2014,238.75,3,0,6
"App Q79",04/30/2014,15994,512,107,358
"App Q80",04/30/2014,224,1,0,2
"App Q96",04/30/2014,150,12,0,21
"App Q101",04/30/2014,2000,41,2,3
"App Q105",04/30/2014,91,0,0,8
"App Q2",05/31/2014,350,0,1,2
"App Q4",05/31/2014,300,0,0,3
"App Q6",05/31/2014,278,3,0,6
"App Q8",05/31/2014,15,0,0,2
"App Q19",05/31/2014,460,2,0,3
"App Q21",05/31/2014,1470,4,3,7
"App Q24",05/31/2014,273,0,0,1
"App Q27",05/31/2014,1134,43,8,85
"App Q27",05/31/2014,438,10,6,85
"App Q28",05/31/2014,415,4,0,1
"App Q29",05/31/2014,400,1,0,1
"App Q31",05/31/2014,460,4,0,2
"App Q79",05/31/2014,15994,512,107,294
"App Q80",05/31/2014,242,0,0,2
"App Q96",05/31/2014,150,12,0,18
"App Q101",05/31/2014,2000,41,2,3
"App Q105",05/31/2014,50,0,1,9
"App Q4",06/30/2014,300,0,0,7
"App Q6",06/30/2014,510,3,0,6
"App Q19",06/30/2014,490,1,0,1
"App Q21",06/30/2014,1475,6,1,9
"App Q27",06/30/2014,438,10,6,43
"App Q27",06/30/2014,1134,43,8,43
"App Q28",06/30/2014,415,4,0,2
"App Q31",06/30/2014,460,4,0,4
"App Q33",06/30/2014,535,1,0,1
"App Q79",06/30/2014,15994,512,107,288
"App Q80",06/30/2014,242,1,0,3
"App Q96",06/30/2014,150,12,0,13
"App Q101",06/30/2014,2000,41,2,1
"App Q105",06/30/2014,50,0,1,10
"App Q2",07/31/2014,350,0,1,4
"App Q4",07/31/2014,300,0,0,11
"App Q6",07/31/2014,500,6,0,1
"App Q8",07/31/2014,15,0,0,1
"App Q19",07/31/2014,500,0,0,1
"App Q21",07/31/2014,1470,28,0,11
"App Q24",07/31/2014,500,2,0,1
"App Q27",07/31/2014,2928,40,4,41
"App Q28",07/31/2014,415,4,0,2
"App Q29",07/31/2014,400,1,0,2
"App Q31",07/31/2014,460,4,0,1
"App Q33",07/31/2014,576,1,0,1
"App Q79",07/31/2014,15994,512,107,364
"App Q80",07/31/2014,242,1,0,3
"App Q96",07/31/2014,150,12,0,22
"App Q101",07/31/2014,2000,41,2,1
"App Q105",07/31/2014,50,0,1,8
"App Q2",08/31/2014,350,0,1,1
"App Q4",08/31/2014,300,0,0,7
"App Q8",08/31/2014,20,0,0,2
"App Q19",08/31/2014,276,3,0,1
"App Q21",08/31/2014,1609,35,0,7
"App Q27",08/31/2014,2928,40,4,48
"App Q28",08/31/2014,415,4,0,2
"App Q33",08/31/2014,576,1,0,1
"App Q79",08/31/2014,15994,512,107,243
"App Q80",08/31/2014,242,1,0,0
"App Q96",08/31/2014,150,12,0,15
"App Q101",08/31/2014,2000,41,2,3
"App Q105",08/31/2014,50,0,1,3
"App Q2",09/30/2014,350,0,1,2
"App Q4",09/30/2014,2318,1,0,9
"App Q6",09/30/2014,500,6,0,1
"App Q19",09/30/2014,276,3,0,1
"App Q21",09/30/2014,1617,0,1,10
"App Q27",09/30/2014,2928,40,4,56
"App Q28",09/30/2014,415,4,0,8
"App Q31",09/30/2014,460,4,0,1
"App Q79",09/30/2014,26937,818,162,402
"App Q80",09/30/2014,242,1,0,5
"App Q96",09/30/2014,150,12,0,9
"App Q101",09/30/2014,2000,41,2,2
"App Q2",10/31/2014,350,0,1,5
"App Q4",10/31/2014,2318,1,0,15
"App Q6",10/31/2014,500,6,0,3
"App Q8",10/31/2014,135,0,0,2
"App Q19",10/31/2014,276,3,0,1
"App Q21",10/31/2014,1617,0,1,27
"App Q24",10/31/2014,2300,4,0,0
"App Q27",10/31/2014,3194,39,21,85
"App Q28",10/31/2014,415,4,0,6
"App Q29",10/31/2014,200,1,0,3
"App Q31",10/31/2014,460,4,0,4
"App Q79",10/31/2014,26937,818,162,399
"App Q80",10/31/2014,242,1,0,3
"App Q96",10/31/2014,150,12,0,24
"App Q2",11/30/2014,350,0,1,1
"App Q4",11/30/2014,2318,1,0,10
"App Q6",11/30/2014,2420,7,0,2
"App Q8",11/30/2014,135,0,0,2
"App Q19",11/30/2014,276,3,0,0
"App Q21",11/30/2014,1339,8,2,13
"App Q24",11/30/2014,2300,4,0,1
"App Q27",11/30/2014,3194,39,21,50
"App Q28",11/30/2014,415,4,0,7
"App Q29",11/30/2014,200,1,0,1
"App Q33",11/30/2014,576,1,0,5
"App Q79",11/30/2014,26937,818,162,269
"App Q80",11/30/2014,242,0,0,6
"App Q96",11/30/2014,150,12,0,40
"App Q101",11/30/2014,2000,41,2,2
"App Q4",12/31/2014,2318,1,0,12
"App Q8",12/31/2014,150,0,0,5
"App Q19",12/31/2014,276,3,0,0
"App Q21",12/31/2014,1335,25,2,14
"App Q27",12/31/2014,457,4,2,57
"App Q28",12/31/2014,415,4,0,1
"App Q31",12/31/2014,460,4,0,6
"App Q79",12/31/2014,26937,818,162,319
"App Q80",12/31/2014,242,0,0,1
"App Q96",12/31/2014,150,12,0,20
"App Q101",12/31/2014,2000,41,2,4
"App Q8",01/31/2015,40,0,0,1
"App Q19",01/31/2015,276,3,0,4
"App Q21",01/31/2015,1329,31,1,4
"App Q27",01/31/2015,457,4,2,46
"App Q28",01/31/2015,415,4,0,4
"App Q79",01/31/2015,26937,818,162,328
"App Q96",01/31/2015,150,12,0,50
